factor,IC_mean,IC_std,ICIR,t_stat,IC>0_%,N,Sig
F91_ocf_ni,0.030590118599736867,0.07334155990318542,0.4170911914079463,3.4394220753793516,69.11764705882352,68,True
F97_accruals,-0.03225853864330491,0.0846831737633921,-0.38093209323302474,-3.141246513174791,33.82352941176471,68,True
F80_ocf_mv,0.04599316505926636,0.12717470098420106,0.3616534161537372,2.9822704693346376,63.23529411764706,68,True
F74_cfp,0.04610435751064007,0.1282720457484907,0.35942638352427275,2.9639058878086795,63.23529411764706,68,True
F55_holding_adj,0.07346068780784436,0.1896307726746395,0.3873880107733628,2.872946379416412,61.81818181818181,55,True
F81_size,-0.0556301728114197,0.16293103477845333,-0.34143386425467215,-2.815535772969631,38.23529411764706,68,True
F34_vol_of_vol,-0.06432944344560766,0.21523889939636556,-0.29887461618703065,-2.409604190123643,35.38461538461539,65,True
F88_cash_roe,0.02229550723218724,0.08581226416113233,0.2598172586417517,2.1425080014767306,60.29411764705882,68,True
F41_turn_std,-0.04871813127975116,0.18879148004837115,-0.25805259467889574,-2.112251521143777,38.80597014925373,67,True
F30_range_vol,-0.050167128394460504,0.19693886713289227,-0.2547345230771956,-2.0850919345615297,37.3134328358209,67,True
F37_amihud63,0.0344732111567802,0.14160458718610006,0.24344699449230905,1.9627324176456127,60.0,65,False
F102_rev_chg,-0.03256085436142407,0.11899682648938348,-0.27362792203814823,-1.9540942212863384,45.09803921568628,51,False
F44_price_impact,-0.04469474311048704,0.18959097074234132,-0.235742994170478,-1.9439865309284987,41.17647058823529,68,False
F40_turn63,-0.051990676702356915,0.21840999189773064,-0.23804165849106979,-1.9191532055874647,36.92307692307693,65,False
F94_roe_stab,-0.03688286358310153,0.14008527236093635,-0.26328865955352593,-1.8986015245368388,38.46153846153847,52,False
F36_amihud21,0.031554466532465665,0.13760355500501084,0.22931432644539312,1.8770186575998626,62.68656716417911,67,False
F73_dp,0.05271936618655378,0.23416005745153742,0.2251424378705782,1.8565721042989112,54.41176470588235,68,False
F39_turn21,-0.047884589512068344,0.21233712253455864,-0.22551209576778056,-1.8458960581835682,37.3134328358209,67,False
F22_ivol63,-0.053769409882322476,0.24153733125613663,-0.22261324824071632,-1.7947653855026238,38.46153846153847,65,False
F68_bm,0.05144105714296984,0.25117255925201193,0.20480365090900268,1.688854170419889,55.88235294117647,68,False
F31_mdd21,0.040198567029367,0.19604222865509255,0.2050505511243216,1.6784110970194395,65.67164179104478,67,False
F33_tail_risk,0.046697135264744914,0.226318932572074,0.2063333134971978,1.6635123554748965,64.61538461538461,65,False
F76_ebit_mv,0.041105666008045216,0.20510174369479592,0.2004159753474012,1.6526724708370406,50.0,68,False
F14_mom_stab,0.04392158094207812,0.22412842349931184,0.19596613520200384,1.6040519479688535,62.68656716417911,67,False
F63_hl_ratio,-0.038557323258442834,0.20325439268510426,-0.189699827635108,-1.5527600099567573,38.80597014925373,67,False
F75_ebitda_mv,0.042224822845062515,0.22537433397327855,0.18735417694043585,1.5449621218521552,50.0,68,False
F77_ni_mv,0.041097970322949685,0.22484406185476574,0.18278432609661815,1.5072781664073986,52.94117647058824,68,False
F71_sp,0.035121540453601684,0.19343645253033442,0.18156629732492627,1.4972340438459446,54.41176470588235,68,False
F79_rev_mv,0.03427052174042313,0.19055369180904363,0.1798470626051479,1.4830568711561938,54.41176470588235,68,False
F02_mom2w,-0.029936752581322,0.16626265064216486,-0.1800569909459264,-1.4738299899342513,44.776119402985074,67,False
F10_maxret,-0.032864522518063356,0.1862433070171064,-0.17646015335759024,-1.444388605410589,43.28358208955223,67,False
F21_ivol21,-0.03932239798342732,0.22314352337477292,-0.17622020746434464,-1.4424245636282118,38.80597014925373,67,False
F52_vnsf,-0.027560943005338664,0.1574884366254253,-0.175002962731101,-1.4324609860769086,44.776119402985074,67,False
F72_sp_ttm,0.032382863936493644,0.19060875472584485,0.16989179737872143,1.400963651037004,54.41176470588235,68,False
F27_upvol,-0.03190104189854698,0.1869967353808488,-0.1705967851982838,-1.3963948685953012,43.28358208955223,67,False
F70_ep_ttm,0.03883030056248483,0.2293140820798813,0.16933238556609156,1.3963506230536218,47.05882352941176,68,False
F05_mom3m,-0.033962880073739696,0.1970054899896339,-0.172395602150614,-1.3898977792113816,41.53846153846154,65,False
F16_rel_mom,-0.033962880073739696,0.1970054899896339,-0.172395602150614,-1.3898977792113816,41.53846153846154,65,False
F13_mom_accel,0.03053693710625604,0.18006156249074712,0.1695916479000078,1.3672915773285574,47.69230769230769,65,False
F18_trend_clarity,-0.019670722585220297,0.10881052756071335,-0.1807795902307758,-1.3648559755184468,38.59649122807017,57,False
F69_ep,0.03976507278216612,0.24122377220569327,0.16484723880471513,1.3593651553665178,48.529411764705884,68,False
F98_equity_r,-0.02363531147838848,0.15546667544842882,-0.15202815272285636,-1.25365626348774,45.588235294117645,68,False
F95_leverage,0.02363363397787252,0.15546622002037347,0.15201780795066214,1.2535709583108803,54.41176470588235,68,False
F11_minret,-0.03009602472130823,0.20037163310224623,-0.1502010252416855,-1.2294483783001142,44.776119402985074,67,False
F26_downvol,-0.029439491520359053,0.1991143602854123,-0.1478521763983282,-1.21022222190943,40.298507462686565,67,False
F87_ebit_mg,0.013141742498709478,0.09593248804722686,0.1369894888188441,1.1296442639989273,57.35294117647059,68,False
F15_mom_voladj,-0.026565175462121914,0.19122549689235407,-0.13892067686494838,-1.1200143034533092,44.61538461538462,65,False
F47_illiq_shock,0.01364913766516857,0.09983899153764172,0.13671149372560032,1.1190318041136658,58.2089552238806,67,False
F19_trend_mom,0.01658323699584749,0.11346697563256516,0.14615033936877117,1.103410864892855,57.89473684210527,57,False
F04_mom2m,-0.027614621769392455,0.20422611498157053,-0.13521591874714167,-1.0984993168199146,46.96969696969697,66,False
F66_price_accel,0.020949258707358486,0.16043926068027178,0.13057439069796514,1.0607913646922094,57.57575757575758,66,False
F54_holding,-0.028364304224953375,0.20158572556050283,-0.14070591628493193,-1.0435030034777213,49.09090909090909,55,False
F99_net_debt,0.019095798689108733,0.15461537272097545,0.12350517515208341,1.0184497649248994,52.94117647058824,68,False
F17_p52low,-0.02733223148448045,0.21298823593321847,-0.12832742317773058,-1.0022692152838064,44.26229508196721,61,False
F32_mdd63,0.02582938235391735,0.2079392573908214,0.12421599787370156,1.0014613913198867,61.53846153846154,65,False
F103_asset_chg,-0.01831461206306188,0.13181814726571187,-0.1389384727593256,-0.9922191591817743,41.17647058823529,51,False
F23_beta,-0.037633917554988267,0.2889947650233793,-0.13022352689310387,-0.9657635231288982,40.0,55,False
F82_size_circ,-0.010441591581919636,0.08942659139621294,-0.1167615965105634,-0.9628407908576068,50.0,68,False
F96_asset_turn,-0.01681821228771795,0.14887860679474463,-0.11296594352810418,-0.9315410345278666,39.705882352941174,68,False
F93_profit_ta,-0.017096843033579417,0.1614588084948752,-0.10588981296812977,-0.8731897670889955,45.588235294117645,68,False
F84_roe,-0.014654705099376329,0.1409919035117521,-0.1039400471542312,-0.8571115862971511,41.17647058823529,68,False
F67_cci,-0.017859336514789558,0.1715129905953938,-0.10412818558403233,-0.852325932500308,49.25373134328358,67,False
F59_rsi14,-0.015853080578360778,0.1544872504782077,-0.1026174038911842,-0.8336677301960201,40.909090909090914,66,False
F51_gain,-0.016715424289507758,0.17000926510354064,-0.0983206666961802,-0.8047893416739259,47.76119402985074,67,False
F58_gain_abs,-0.016715424289507758,0.17000926510354064,-0.0983206666961802,-0.8047893416739259,47.76119402985074,67,False
F92_rev_asset,-0.014113238122500892,0.14575338216207948,-0.09682957550039425,-0.7984771349436911,39.705882352941174,68,False
F38_amihud_trend,0.012227025042269383,0.12477788136338722,0.09799032415577687,0.7900232501831985,47.69230769230769,65,False
F12_mom_cons,-0.013507828391422973,0.14011569821567493,-0.09640481804280682,-0.7891074445885479,50.74626865671642,67,False
F65_bollinger,-0.01630152271826551,0.17409013687111025,-0.09363840485882632,-0.7664633767649087,49.25373134328358,67,False
F101_ni_chg,-0.010133577224989717,0.09757899516632164,-0.10384998541660752,-0.7416372381579214,47.05882352941176,51,False
F43_turn_mom,-0.010538471413247407,0.11872027065281418,-0.08876724552006908,-0.7265912191691798,46.26865671641791,67,False
F78_fcf_mv,0.009159887888321706,0.1042125043822742,0.08789624568200799,0.7248110100843183,52.94117647058824,68,False
F90_ebitda_ta,-0.012769864651970619,0.14954527723638264,-0.08539129344610194,-0.7041546447727828,44.11764705882353,68,False
F20_close_ma21,-0.014690259313002378,0.17165153877393424,-0.08558186788147298,-0.7005177794856368,52.23880597014925,67,False
F06_mom6m,-0.019777159943655483,0.22571446479217486,-0.08762025934786756,-0.6843361021745396,47.540983606557376,61,False
F45_vr_m,-0.009071424714957487,0.11204216758349965,-0.08096438073814477,-0.6627220182979097,43.28358208955223,67,False
F62_ma_cross,-0.012460648847919613,0.16247793721476406,-0.07669132844448334,-0.6277455778616321,47.76119402985074,67,False
F89_eps,-0.00870647830702029,0.11619734755987986,-0.07492837392465941,-0.6178752000942938,48.529411764705884,68,False
F07_mom12_1m,0.016647648803745384,0.2266958309771472,0.07343606069854722,0.5446164022508312,54.54545454545454,55,False
F53_gl_ratio,-0.00896433010261252,0.14997046361820668,-0.05977397072955527,-0.48560603380449285,46.96969696969697,66,False
F85_roa_proxy,-0.008864458699290841,0.15134355719187206,-0.058571761254775825,-0.48299511666380146,48.529411764705884,68,False
F49_cgo,-0.009952635405462956,0.17162449610317618,-0.05799076257435705,-0.4746748491810106,53.73134328358209,67,False
F01_mom1w,-0.01053255946411669,0.18392295040466936,-0.05726615107545216,-0.46874364843991884,50.74626865671642,67,False
F56_loss_aver,-0.012181797963839024,0.14902936305196854,-0.08174092483768496,-0.46239649802549543,53.125,32,False
F08_p52w,0.011328169226565049,0.21787123710121897,0.05199479002959069,0.4060922919774452,54.09836065573771,61,False
F42_turn_accel,-0.00667114491023041,0.13583598644316153,-0.04911176400976664,-0.3959516999203509,46.15384615384615,65,False
F64_close_open,-0.006971115406579701,0.1600465136609664,-0.04355680887461831,-0.359178647409784,48.529411764705884,68,False
F83_size_trend,-0.007198676729506331,0.17570987589845108,-0.04096910713013479,-0.3353465946087882,58.2089552238806,67,False
F25_kurt,0.003505581834977404,0.09056438769276182,0.03870817132745415,0.31684003746929046,49.25373134328358,67,False
F35_ivol_trend,-0.004876677603874289,0.13523025529653918,-0.03606203059500616,-0.2907413855839677,47.69230769230769,65,False
F29_vol_accel,-0.004876677603874289,0.13523025529653918,-0.03606203059500616,-0.2907413855839677,47.69230769230769,65,False
F86_npm,0.0032421320455682245,0.09961874617156745,0.03254540104313794,0.2683762522578898,51.470588235294116,68,False
F100_ptgr,0.0032153411841276775,0.09933053442210678,0.032370118643115633,0.2669308365586824,51.470588235294116,68,False
F60_price_range,-0.005394562650960729,0.1736801920214078,-0.0310603217797905,-0.25423969097545845,50.74626865671642,67,False
F57_cgo_sign,0.009984875542170991,0.1730261582827226,0.05770731802214454,0.2159210127484701,57.14285714285714,14,False
F03_mom1m,-0.0038369640758317653,0.17563813039473408,-0.021845849003336942,-0.17881598069337107,58.2089552238806,67,False
F48_turn_skew,-0.0018697664628145759,0.10038962043742397,-0.018625097442021513,-0.15245299297344528,50.74626865671642,67,False
F09_p26w,0.0029329414905626115,0.2071738673643251,0.014156908532314523,0.1141366455066066,53.84615384615385,65,False
F61_vpc,0.001763144119089027,0.13817194699679172,0.012760507160907026,0.1044492526600286,49.25373134328358,67,False
F50_loss,0.0018328023463378652,0.1641731894974768,0.011163834679389193,0.0906954216783646,51.515151515151516,66,False
F24_skew,-0.0007271357991551233,0.10135889348602294,-0.0071738727026986835,-0.05872067881209478,46.26865671641791,67,False
F28_ud_ratio,0.0006475879858711573,0.11267285413586554,0.005747506716127641,0.04704537003021092,47.76119402985074,67,False
